Review,sentiment
"Every once in a while a movie comes, that truly makes an impact. Joaquin's performance and scenography in all it's brilliance. Grotesque, haunting and cringy. Hard to watch at times,... but so mesmerizing, you won't blink an eye watching it. Tragic, but with seriously funny moments. Emotional rollercoaster - sometimes, with multiple emotions popping-up at the same time.this is far from a typical action-riddled predictable super-hero movie - it's a proper psychological thriller/drama, with the single best character development I have ever seen.",positive
"This is a movie that only those who have felt alone and isolated can truly relate to it. You understand the motive and you feel sorry for the character. A lot of people will see this movie and think that it encourages violence. But truly, this movie should encourage each and every one of us to become a better person, treat everyone with respect and make each other feel like they belong in this world, instead of making them feel isolated.",positive
"Truly a masterpiece, The Best Hollywood film of 2019, one of the Best films of the decade... And truly the Best film to bring a comic book so chillingly and realistically to real ife.
Remarkable Direction, Cinematography, Music and the Acting.
Some people are surprised to find it DISTURBING and VIOLENT, but it's a necessity and message.
It's about society and reflects those underappreciated/unrecognized/bullied people, proving they can do something too.
The way it shows class difference, corruption and how rich and talented rule others around them is not exaggerated and that's what makes it different.
It's BELIEVABLE.
There could be multiple JOKERs living in our society that could shake those around them in much bitter way than the film shows making people uncomforting people.
Consider this a wake up call, a message, but first a film. A PERFECT film.",positive
"Joaquin Phoenix gives a tour de force performance, fearless and stunning in its emotional depth and physicality. It's impossible to talk about this without referencing Heath Ledger's Oscar-winning performance from The Dark Knight, widely considered the definitive live-action portrayal of the Joker, so let's talk about it. The fact is, everyone is going to be stunned by what Phoenix accomplishes, because it's what many thought impossible - a portrayal that matches and potentially exceeds that of The Dark Knight's Clown Prince of Crime",positive
"Most of the time movies are anticipated like this they end up falling short, way short. Joker is the first time I was more than happy with the hype. Please ignore the complaints of ""pernicious violence"" as they are embarrassing to say the least. We haven't seen a comic movie this real before. If we ever ""deserved"" a better class of criminal - Phillips and Phoenix have delivered. This is dark, Joker IS dark and you will fall in love with the villain as you should. The bad guys are always more romantic anyway.",positive
"Let me start off by saying if Joaquin Phoneix doesn't get his Oscar for this movie. Then the Oscars should be cancelled. Phoneix is amazing as you might've heard from every review ever! But Todd Phillips. Is at his best here. The story lines he takes and visuals are just breathtaking. The score!! Omg the Score! Every time that score came on, I felt very uncomfortable, like something horrible was about to happen. It was GREAT. The Inspirations from Taxi Driver and King of Comedy are there, and add so much for the movie. And I got to be honest. There are scenes that are very violent. And its disturbing. But I honestly expected it to be WAYYYY more violent from all the controversy going on. Overall this movie was GREAT. Come Oscar season, it needs to be nominated for Best Picture, ScreenPlay, Cinematography, Actor, Score and Director",positive
"I get why some people hate this . It's because of the political message and how some people think that you need get empathy for Arthur's madness. But come on that is not the point and it will never be. Enjoy this masterpiece because Joaquin Phoenix and Todd Phillips overdid themselves with this movie . The acting,music and cinematography are just amazing ! Please enjoy the movie without overthinking it.",positive
"I have seen Joker yesterday at Venice an early ill-fated screening. We had some trouble with audio that lead to a near-hour delay, but it definitely was worth it.Joker deserved to be presented at Venice Film Festival, an event that regards cinema as a form of art, because this film is far from a blockbuster or a mere entertainer movie, as most films in the genre are.It focuses on the psyche of the main character, as it slowly crumbles under the pressure of society. And thus, Joaquin Phoenix does a wonderful performance, earning almost surely a nomination at the oscars at least.
It's a take on the Joker that differs from Ledger's, but I'd say that both are equally as good. The main difference might be that Ledger's joker is a rational that acts insane, while Phoenix's is insane to the root.Despite being a movie about a superhero villain, Joker is much superior to most of the movies of the genre (I'd exclude the Dark Knight Trilogy only, but Joker is easily as good as Nolan's movies, or at least very close). It is a small-scaled film, with a distinct style and cinematography (that cannot but be appreciated) and a set of very cinephile references that however do not feel too forced or overly opressive. (most notable are the similarities to Scorsese's 'Taxi Driver' and his 'The King of Comedy', but also Chaplin's 'Modern Times' is somewhat referenced).I am eager to see more non-comedic efforts by Todd Phillips. This movie was so far probably the best of 2019 (at worst contested so far only by Dolor Y Gloria or Once Upon a Time in Hollywood), and that should be very convincing.",neutral
"It's sad that Joaquin missed Oscar for 'The gladiator' as he was very compelling Villain. But I am quite confident he will win it for the 'Joker'. Damn what a movie !!! Keeps u on the toes all the time. Unpredictable storyline and really a deep interesting plot. Did I forget to mention acting ? Damn Do niro and Joaquin teach u what really is 5 star acting.
To enjoy this movie, get a wine in your hand, close the curtains, turn of ur cellphones and put do not disturb sign on ur door. Best Dark thriller suspense movie you will get to experience.",positive
"I have just watched the Joker in Venice and I will say if Joaquin doesn't get an Oscar this year then something is wrong with this world. This perfomance is just jaw-dropping, it glues you to the screen and doesn't let go till the end. Story is very good and has some interesting connections with Batman lore(especially one you can't guess from trailers). There are some scenes that are so tense ,well-acted and imaginative that push this movie to 10. Cinematography and direction are great, Todd has proven himself as a director. Robert is also good in his ""small"" role. Will definitely see it again as soon as it out in October.",positive
"There is no doubt that the movie was well thought of - from the plot to execution. I must praise Phoenix's superb acting. He managed to portray very believably the awkward social reject and also the crazy murderer that he became. I really think it's a role only few could do. It was also very interesting to watch how he deteriorated mentally and little by little gave up on trying to fit into society. Gotta hand it to the script writer - the plot was unpredictable.But...There wasn't anything too complex about Arthur's mental state. No deep psychological analysis, or a web of many deep factors that created a one of a kind psychotic maniac. Could it be that I was expecting too much? Very possible since I came with very high expectations after reading some reviews.
What doesn't have anything with expectations is that at the end he didn't remind much of the original Joker. He felt more like a simply society reject that went completely crazy and started killing people. Not that much different from many other serial killers or mass murderers. He didn't have the master mind that so much designated the Joker and made him different from a simple murderer.
Another thing is that there were long parts of the movie that felt very dull.
Also I found it hard to buy the reason behind the riots in the city and the role the Joker played in them. Even if taken into account that the poverty and anger was cooking for a long time in that society, it still feels somewhat absurd that killing three people in the subway made the joker so notorious.
In conclusion, I can identify with the character which gave me a lasting impression of the movie, and this movie could have been very great if it was a movie about how a person that's rejected by society turns slowly into a serial killer. But as a movie about the Joker I felt it was lacking. Lacking the things that made the Joker actually the Joker, and not just another crazy murderer.",neutral
"Andrew Jackson 2nd greatest president(behind Lincoln)? only one to return banks from shadowy organizations to American hands? Mystery science theater 3000 new seasons released : Truly extraordinary my Moonrakers of this achievement of men.All comedy is sucked away by 51% of the world's population whose goal is replication of humans, not creativity, want to disintegrate dreams of the 49% and are an enemy of all creative arts including animation. Need to be herded in correctional facilities to figure out how to deal with these actual walking viruses. Spy/secret agents need to reevaluate their focus and annihilate. Need to get torn up by animal kingdom. Movies with humans have the hero and girl trying to get with each other. They even include animals assuming human characteristics of that man-woman nonsense. Be careful of what gets brainwashed into your subconscious from this. Watch out for hole guys. The romance angle (romance(tm) is too much a term for this) is handled charmingly/cutesy but all of this is like aw man here we go with this stuff. I know this movie spiderman ffh is showing guidance to males how to deal with females. All imagination shown in this movie, creativity is the male ability, while females are replication of humans (aka babies) so both goals are contrasts with each other and know if you stick it in their hole your creativity goes swoosh disintegrates, you fall inline with patriarchy which is uncompromising. Replication is them celebrating the debauchery of humankind while creativity is trying to get closer to God (creating imaginative things.) Any contact with female is the road to babies guys. Even the cutesy way movie dalliances are portrayed. I cant provide all the know-how on the matter, what can I state here that someone else hasn't figured throughout the thousands of yrs of human knowledge. They want to grind up men but it is I who grind them into fine dust. I get it's hormones, just j/o in toilet or napkin. Also virtually all pawrn skyanks have baby shyts they keep secret from clients/viewers to upkeep pristine fantasy. Nintendo Mother/Earthbound textbook to be released wee- BApiano",negative
"This movie causes the audience to consider many topics on morality, particularly the poor choices made by the Joker. The Joker is more relatable in this movie than antagonists usually are. I think this gives a more realistic view of ""bad"" people, who are not usually 100% bad in all ways as society often judges. It is important to know when to sympathize with the Joker (towards the beginning of the movie), and when he needs to be identified as a threat (when he begins making certain bad choices). This movie is only suitable for adults who are willing to pick it apart and think critically about it. It isn't for light amusement. That substance is what makes it so good.If you aren't able to ponder underlying themes on your own, and you have to be handed all your thoughts to you, then this isn't the best movie for you.",negative
"The movie affects you in a way that makes it physically painful to experience, but in a good way.",neutral
"The acting, cinematography, sound design, and the script itself is phenomenal. This movie is a triumph. Joaquin Pheonix deserves an Oscar win for this tbh.",positive
"Need I say more? Everything about this Movie is Masterful in every single way! Joker isn't just an awesome comic book movie, it's an awesome movie, period. It offers no easy answers to the unsettling questions it raises about a cruel society in decline. Joaquin Phoenix's fully committed performance and Todd Phillips' masterful albeit loose reinvention of the DC source material make Joker a film that should leave comic book fans and non-fans alike disturbed and moved in all the right ways.",positive
I will stop watching movies if Joaquin Phoenix is not awarded Oscar for his tremendous acting.,positive
"I quit relying on critic reviews years ago... I noticed for this movie that the critics ratings were low but viewer ratings were high. That being said, what is the point of a critic when for this movie, they are oh so wrong.
I went and saw this tonite with my mom. I went in skeptical and w some what low expectations. I knew not to expect your typical super hero movie.
What we got was a masterpiece. I went in expecting sheer boredom and I was instead on the edge of my seat the whole time. Not action edge of your seat, it was a fear of what he may do or say next edge of your seat. To see this character evolve into what we all know as the #1 villain of Batman was beyond genius and Joaquin Phoenix is a true master at perfecting the art of consuming himself into this character. I may be all over the place with this but I don't care. This movie, the story, the acting, directing, effects, everyone brought their A game and JP definitely deserves a nod and win for this role. And no, there is no comparison here to Jack Nicholson or Heath Ledger. Each actor took on this character and different levels, different story points and different points in time, so any comparison would just not be feasible or fair to any of the actors as they embraced him and made him come to life in their own genius way!",positive
"I thought this film was good but I just don't get the hype personally. The acting was amazing and the film was good overall but I think 'masterpiece' and 'film of the year' are a bit overused throughout the reviews. In no way did I dislike this film, I thought it was really good, just overhyped. I feel as though a lot of the 10/10 reviews are purely based on the fact that it already has amazing reviews and so people want to carry the praise further and that it is about the joker. If this film was released and was about some random guy in the same situation, I don't think the reviews would be as high but maybe that's the point.",neutral
"Joaquin Phoenix IS the joker. Phoenix gave a performance that felt like a mixture of Heath Ledger's joker, Jack Nicholson's joker, and Alex in A Clockwork Orange:Overall, this movie was a trip to say the least. Cinematography was very good, and the soundtrack set the perfect mood for the film for the most part. The acting and plot are what sold it though. Phoenix made me forget that the character was one I had seen before in other movies. His performance mixed with the overall feel and plot of the movie made me leave the theater feeling like I too had just taken a descent into madness.I've never been a very big fan of superhero movies so I was a little weary going into the movie, but this had absolutely nothing to do with anything superhero related other than the characters. I loved this movie and will definitely see it again. It was just what I hoped it would be.",positive
"I went into this film expecting an all-time classic based on the reviews I had read & what I ended up watching was just a decent film overall. Phoenix is outstanding...so he definitely did his part. But I feel like if you've seen the trailers you've seen the movie because the best way I can describe this film is it feels like a 2 hour version of the trailer. At 2 hours it's a relatively common runtime, but it felt a lot longer...which isn't good. I'd say this is much more of a rental than a theater movie. Kinda just....eh.",negative
"Do not really understand all the tens here. Sure, a good movie, good acting, nice shooting. But the plot is not so intriguing. At times it is really long and somewhat boring. I needed to double-check the genre to see if this is a drama or what. Crime, drama, thriller it said. I would put it maybe 90% in the drama and rest in thriller.I miss more dialogue, more depth, more substance. The plot is really not more then a somewhat crazy person becoming a bit crazier. Sure there is an undertone in that it is society and the system and the mean character of people that is bringing him down and creating the evil beast which later wants to destroy everything. Absolutely, but I think it is not intriguing story and plot and dialogue enough to give this a ten.Worthy of watching, yes. But not amazing",neutral
"When I heard everyone saying that this is the film of the year and all the reviews flooding in with 10's, I was quite hyped and excited for this movie. When I walked out of the cinema, I felt hollow and empty.Before I continue writing, let me say this, This is NOT the film of the year nor is it a real masterpiece. The cinematography is excellent and the acting is incredible, that's just it. The side-characters are bland and overly dramatic. The plot heavily relies on plot-twists and the film is so harsh that it actually falls flat on it's face.Are there no good points though? Phoenix is phenomenal and the score is great. The cinematography is also incredible but the plot is not that great at all. It even has plot holes and scenes that left me empty.Film of the year? Nope.",negative
"The recurring themes of so many of the 10 star reviews here should tell you a lot about this movie and its audience. If you can't get through a movie review without tossing in one or more claims that ""THIS movie is so much better and smarter than YOUR superhero movie"" (or even basing your entire review around this premise), then I hate to break it to you, but kid, you're nowhere near as intelligent and grown up as you think you are. This ""my comic publisher is better than yours"" BS should have been left behind on your grade school playground, it has absolutely no relevance to the quality of this movie, and your opinion of this movie should be considered highly suspect if you're in this group.I gotta say, if this movie was also your idea of the most perfect film ever made, you really need to get out more. Look, I get it. If you live in a safe little box where all you watch are superhero movies and mainstream blockbusters then I understand how exposure to themes like this for the first time would seem new and exciting to you, and I think we can all agree that this is probably the best DC Comics related movie in the last decade or so (though that's not a high bar to meet) and of course Joaquin Phoenix is a very talented actor, but stop and take a step back and look at this thing.Joker does indeed present a theme that is of importance to our society, that of the neglect and demonizing of the mentally ill to a degree that sometimes creates monsters which everyone around them should have seen coming a mile away if they hadn't been too busy looking away to avoid feeling uncomfortable. Unfortunately, reminding us all of the fact that this situation still exists is all this movie really has to say. It dances around important subjects like ""HEY KIDS, CLASS INEQUALITY!"", but then never offers any actual insight into them, usually because it's too busy making forced Batman references or dropping cringey little edgy moments like the ""Don't smile"" sign scene which seem to have been designed solely to have something for Hot Topic to print a new t-shirt of. Between that and every single plot twist being telegraphed so very far in advance because a lot of us have seen all these exact same twists so very many times before, I just wasn't impressed.Perhaps if this had been an actual stand-alone movie of its own instead of being shackled by its completely unnecessary ties to the Batman universe it could have done something more interesting with its themes. Don't get me wrong, I don't have any problem with superhero movies, but it just feels so gratuitous here, as if someone came up with this idea, pitched it to an executive, and was told ""sounds great, but can you make it a Batman movie somehow?"", and I'm sorry, but I'm just not into a movie trying to tell me a half-hearted, yet dead-serious speech about mental illness in modern society while simultaneously constantly reminding me that it's technically a superhero movie because $$$",negative
"Joaquin Phoenix gives Heath Ledger a run for his money, true story. This is not a popcorn fluff comic book flick. DO NOT TAKE YOUR KIDS TO SEE THIS MOVIE. Shut down all ballots for the Oscar, Joaquin is taking that one home hands down. One of the best origin stories EVER put out. The only downside to this movie, is that it is a stand alone film that will have no sequels or ties to the DC Universe. Todd Philips take on the Joker is one of pure brilliance and Joaquin Phoenix was the Joker we deserved. He didn't steal from Jack or Heath but yet you got a taste of both.",neutral
"I know this is an unpopular opinion, but honestly this movie is overrated and boring. 2 hours felt like 3 and a half.I don't buy the whole thing where he is invited to the show. The meta ""standup"" he made was extremely dull and boring. Then gets allowed to broadcast for that long without being interrupted, also being transported in the most shitty police-car ever after that, it's just not believeable enough to me.He also acted the same when he was on meds aswell as off, so that part didn't make sense either. The police must also be really not catching this guy faster after the homocide.It has some good parts but they can be boiled down to maybe 5 minutes.
Is this a movie I would watch again? Probably not.",negative
"The music. The intense. The realism. The performance. The story. Such a perfect combination of everything. I never felt that a character like joker could be real until I saw this. Phoenix shows us what a joker is in our society and shows us how power can be obtained. Philips on the other hand had the perfect choice of music, camera angles, lighting and every important factor. Overall, I did not expect the story to be this perfect. Too many shocking turns happened and it really does represent today's society. If I was in the first screening, I would have applauded for 80 min not 8.",positive
"In an era of cinema so saturated with superheroes and gritty remakes, Todd Phillips and Phoenix somehow take a character so deeply intrenched in pop culture and create something compelling and unique. This film is unafraid to be bleak and scary without offering much to the viewer as a means of comfort. The only way we can deal with the harsh cruelties of the world is by treating it as a joke. Upon leaving this movie, you will not hate Joker, you will hate the world that made him.Phoenix simply cannot be praised enough. He brings both sympathy and tragedy in the way he moves his eyes, the way he contorts his shoulders, the way he laughs. A lesser actor would be unable to swing his moods from as far extremes as Phoenix does nor add the layers that Phoenix intricately builds for his character. The way he twists and writhes his body is mesmerizing and brings even more tragedy to the Joker. This is Phoenix's movie.As for the technical side, this movie is far different than any other super hero films of recent years. The cinematographer and director choose a shallow focus, giving Pheonix a) the undivided attention of the viewer and b) a more personal feel to the film. There are wide shots with deep focus, but they are used sparingly because this movie is about a character, not action or explosions. The color palette of this movie is intentionally composed of dour greens, blues and tepid yellows--- all of which gives the world a sickly feel. The soundtrack is used affectively, bringing waves of optimism to intentionally clash with our protagonist's angry depression. This film will likely be compared to The Dark Knight and DCEU films, which I don't find to be fair. This film is far more akin to The Machinist and The King of Comedy in tone and visual style.I recommend this film, and I think anything short of an Oscar nomination for Phoenix would be disrespectful to the effort he gives. However, I have one gripe I would like to voice. I found the tie-ins to the Wayne family to be unnecessary. It came across as pandering to an audience that loves Easter eggs more-so than the story itself. In my opinion, I think the story would have worked even better if it had distanced itself from the Batman story. Other than that, I had little issue with the rest of the film.Joker is a movie that tells us life is full of sadness, and then gives us a character whose purpose is to spread laughter and joy. I was going to finish this review with a joke, but, you wouldn't get it.",neutral
"I was so hyped up to see this movie, loved the trailer, only movie I have wanted to watch in the cinema for a very long time.I watched it and was bored. the aesthetics were amazing, music was good, story and execution was meh. the performance of the joker was a good performance but people raving about this are driving me mad. either you have not seen many movies or I have seen too many.this movie was bang average and was actually boring. I was actually thinking about leaving half way through as I was bored out of my mind.I do not regret watching it but it is being so overhyped that I am so confused right now. I think it had a good premise but could have been so much more, so much more.Signs of a great movie is the repeat viewing of it or it moving you, joker did not move me whatsoever and I would not watch it again.I thought maybe people are getting paid to write good review but have actually met people who think it is the best movie ever.... OMGGGThis movie is bang average and way overhyped.phoenix performance is good but as the story and execution is so bad, I feel he never even touched the higher spectrum of performance he could have with the character.I have experienced and seen worse in my life, if this made you feel, you are (i hate this word but have to use it) a snowflake. Please get off social media and live life.there is a real world out there.",negative
"Here, we have a broken man whose mental instability and illness is the catalyst for what Arthur Fleck eventually becomes, but I mean nowhere in this movie do we witness any kind of intellectual prowess, high intelligence, or even any miniscule reference to his wit and smarts to believe he has what it takes to become the Joker from the previous films.Also, there is merit to the theory that the whole entire movie was a dream playing out in his imagination, and he was conveying that to the psychiatrist the whole movie, which connects to the end since it starts with him meeting a psychiatrist and we know he was making things up by the revelations. In addition, there is no factuality to the idea that he was Thomas Wayne's lovechild. Joker is having a delusion of grandiose throughout the story, connecting himself to powerful people and situations, which would be a semi-trait of his narcissism, as well (although narcissism is far from his predominant psychological problems). I'd prefer this theory because it would explain why Fleck lacked any kind of pragmatism and intelligence we've come to expect throughout this movie.The Joker is playing the psychotherapist the whole time, making her feel sympathy and bad for him (as well as the audience), and that's the joke on her at the end, which enables him to kill her, too. This is Joker's own fantasy origin story, which has little validity.Go ahead and downvote, but there's no way this take on the Joker is intelligent and mentally competent enough to become Ledger's Joker.",neutral
"BREAKING NEWS: Killer clowns are back! But this time they're not pranksters mimicking Pennywise to scare the sh*t out of people for viral memes; they're ""incels"" threatening to gun down everyone who chooses to take their date to this dour, depressing, demented movie.If this Joker were the one featured in Nolan's marvelously entertaining Dark Knight, I doubt any of your skinny lonely drugged-up psychos would be rushing to hail this guy as his hero and inspiration.Ledger's Joker is brilliant, manipulaitve, and consumed with an infectious, and sometimes charming, confidence. Phoenix's Joker is dumb, depressing, and insecure. Ledger makes things happen. Things happen to Phoenix. The Joker controls events in Dark Knight. Events spiral out of control in Joker.There is no fun in this movie, no great action set pieces, no hint of hope or optimism. It's a two hour slog of watching a miserable man drive himself insane until he starts murdering people. Then seemingly everyone goes insane because ""they've had enough!""Change the name of this movie to Arthur, eliminate the very few references to the Batman universe, and I doubt you'd think this was an origin story to the Joker we all know and love. Maybe this Joker is the closest to what the Joker would resemble in the real world...which is perhaps why this movie is so awful. Who wants that movie?There are plenty of good character-driven films of mentally disturbed individuals who spiral out of control. There are plenty of good dark gritty super hero movies. This is neither of them.",negative
"The perfect portrait of a decline to insanity""
& Joaquin Phoenix portrays this flawlessly in a performance of a lifetime.
Choreographed impeccably by Todd Phillips & is nothing short of breathtaking.
The cinematography & backdrop ideology of such an original film for such a complex character is only complimented by the superb soundtrack & acting. A hauntingly beautiful film & A Definate 10/10.
Edit: Bring on part 2 plssssss!. We all want it!.",positive
"Simply put, this movie is no masterpiece and if you think it is, you need to see WAY more movies. And by way more movies, I mean movies that aren't superhero movies. The funny thing about all the people who call this movie ""a masterpiece"" is that they can't qualify that claim in any way. Try it for yourself - ask the next person you talk to about Joker why it's a masterpiece. If you're lucky, you might get a response that goes as deep as them saying something vague about the writing and directing being amazing. Ask them to explain that. I guarantee you they won't be able to. This movie is one note, from beginning to end. Joker is crazy at the start, and crazy at the end. There is zero nuance, subtlety or character development. He simply goes from being crazy to crazier. It is cynical, lazy and a dull retread of the REAL masterpieces (like Taxi Driver and King of Comedy) from which it shamelessly steals (poorly, I might add). Beware of anyone who calls this a masterpiece, they have zero understanding of cinema.",negative
"Phoenix convinces me that he has always meant to be the joker. The movie went beyond my expectations, so many emotions went through me these couple hours. I think because its rated R, Phoenix was able to unlock jokers full psychotic potential as the character he is meant to be. This was an AMAZING story, and it calls for more. And I mean a build up, a second movie, maybe one with batman? My hopes are too high at this point, but nevertheless, brilliant goddamn movie and THE BEST joker ever played hands down.",positive
"The pool does not need the money. They need the dignity and respect, coz that is what it takes to be a human. If you don't have that, money will only be a reminder of them being a ""good boy"". Like some politicians, they feel so frustrated when people from the lower class does not accept their funding champions. In this movie, through joker's life, I begin to get it.",neutral
Yes Joaquin's performance is good and the cinematography is pretty but otherwise I do not get all the hype about this movie.Not for a long time have I felt like I would be better off leaving the cinema than staying and getting my money's worth.For something that was supposed to be gritty and real it had a lot of convenient scenes to help push the plot along.Very disappointed.,neutral
"I thought this movie was complete and utter garbage. I don't understand why people liked this movie so much. The character doesn't even stay true to the comics and the director flat out said it didn't, and then they made it seem like it was part of Gothams fall and he was just a little boy that had a laughing problem... Hated it",negative
"Still days after seeing it, I'm still stunned by this film. I was lucky enough to see this film at the night of August 31 at the 76th Venice International Film Festival with high anticipations, and I was blown away. Joaquin Phoenix's performance as the Joker was hands down the best of the entire year. His performance reminds me why we love to watch actors play other people, why performance is such an appreciated art form. His laugh, his movements and his slow transformation from Arthur Fleck, a wannabe stand up comedian to the crazy prince of thieves, the Joker, was a thing of beauty to watch. Anybody who's watching this film has to appreciate how Phoenix committed himself to this role, you don't see Phoenix on the screen, but the character of Joker. Joaquin Phoenix might has not topped Heath Ledgers Joker in my opinion, but damn was he close and he deserves every acting award possible.
The film offers a dark look of 1970s Gotham City; a dark, griddy atmosphere where there is no joy nor happiness in this world, and in many moments, the movie gave me instant ""Taxi Driver"" and ""King of Comedy"" vibes - two of Martin Scorsese's best films - without copying both films, but includes elements from both films like e.g. all the political tensions in the city are definitely borrowed from ""Taxi Driver"" and all the bits with the stand-up comedy from ""The King of Comedy"".
The film was a deep character study of a man with some psychological and health issues who simply wants to bring laughter to this world by performing as a clown in e.g. child's hospitals and performing as a stand-up comedian. But his mental health and this broken, sad, depressive society that doesn't know any joy, do not let him be the way he is and all the people around him see him as too weird/different and simply want to put him down; in the streets, in his workplace, at his mother's house etc. to the point where he simply finds a breaking point and loses his mind every day that goes by, which leads him to kill people and then become a symbol of terror and chaos towards the end. And at every moment something bad happens to Arthur Fleck - and yes, a whole lot of things happens in his life aka. to him throughout the film - you just feel sad for him, you mourn for him since he never seemed to have any intentions of harming people at first so that the audience exactly understands the things he does throughout the film. I'm not gonna go any further into plot details since the film's not yet out and I believe - even if it wouldn't have the name ""Joker"" in the title - that everybody should go and watch this film because we don't get such deep sophisticated character study films like this everyday - especially if such films gets mainstream attention. I enjoyed every second watching this character slowly falling apart.
Although I do think that the character of Zazie Beetz was totally useless and lead to nowhere, could have been easily cut out. That's probably my only negative with this film.
But still; it's a thought provoking masterpiece that has a lot to say - about the current situation of society -beyond being just a comic book movie. It offers a completely different take on the character of the Joker with some similarities to ""The Killing Joke"" with lots of surprising twists (one word: Wayne) that even connects it with the Batman comics and will leave you speechless. And half the greatness of this film is thanks to the great performance of Phoenix!
I'm gonna say this: the scene in the third act where the Joker appears live on TV at the Murray Franklin show - which was shown in the final trailer - blew me personally away, the tensions, the build up, Phoenix's greatness and even Robert De Niro's acting, was a heartbeat moment to me. Not spoiling it, but it's amazing. I can't wait to rewatch it when it comes out in October...Check it out as soon as it comes out! #Venice76",positive
Arthur Fleck lives with his invalid mother. He is suffering from mental illness possibly as a result of childhood abuse. Budget cutbacks put an end to his weekly counselling sessions and he goes off his meds. In real life anyone else would quickly become non functioning but he seemingly becomes more normal.Consequently he goes from being a bumbling idiot to a highly skilled criminal. I didn't find that realistic at all. He also starts a hardly believable relationship with his beautiful single mom neighbor.It turns out that was in his imagination but the way it was portrayed made it impossible to tell which scenes were real and which imagined. The scenes with Robert De Niro seem like fantasy but apparently are real.There were many other scenes that defied belief:A random work colleague gave him a loaded handgun for free out of concern for his safety. Same person tried to throw him under a bus at the first sign of trouble.His neighbour left her door unlocked despite the dangerous neighbourhood.He was a suspect in multiple murders yet the cops made little effort to detain him.When he kills his mom in the hospital her ECG doesn't sound an alarm and nobody suspected it was him.Etc.Towards the end of the movie they recreated a scene from the Dark Knight which reminded me that Heath Ledger was 100 times better.I cannot see how the Joker portrayed in this movie could possibly become the Joker we know.,negative
"10/10 Amazing story, Brilliant taking, magnificent cinematography.
Someone had to step out of the safe game played by Superhero movies and Joker movie does just that (also The Boys). Movie is gritty, real, insanely dark and sometime quite disturbing to people who don't want accept what's shown in the movie is a terrible reality we face everyday if refused a proper care.
Normally people start to compare the movie with one of the greatest like The Dark Knight and in acting wise to that of Heath ledger's Potrayal of joker.
I wouldn't say this movie is better that that or otherwise , but it will stand tall amongst the greatest like The Godfather, Taxi Driver, Citizen Kane, The Dark Knight.
Coming to the inevitable comparison of who's the better Joker? Heath or Joaquin. The answer is Both did a phenomenal job and the Joker character itself is fortunate to have being played by two greatest actors.
Definitely a top contender for Oscars. I personally think it would take away
1.Best Actor 2.Cinematography 3.Original score and if Once Upon a time in Hollywood loses in Make-up and hairstyling category it would definitely be to The Joker.",positive
"I was expecting a masterpiece and oscar worthy film from all the hype.
I actually didn't enjoy watching this movie.
there was no message, it was slow and the joker turned out just to be the son of a schizophrenic and went crazy over a slight amount of bullying. I don't see how anyone could relate to this character and the laughing is lame acting way overdone.
I'm just stunned that this has a 9/10 rating right now, how the hell?",negative
"Joaquin' portrayal of a sociopathic, mentally unstable man's transformation to the iconic Joker was non other than a grippingly accurate, realistic and touching rendition. A dark and disturbing character piece led by an Oscar worthy performance by Joaquin Phoenix. You really do feel bad for this guy, which makes it all the more heartbreaking when he inevitably becomes the clown prince of crime we all know and love, although we've never seen him like this. We see him suffer throughout the movie to the point we're almost rooting for himk to become a mass murdering psyco clown, because that at least will make feel better; then it happens and we just wish this could have all just been avoided, because es so messed up. We feel for him and care about him. By the time he's the joker, we wish we could've helped him. There's a lot of great nods to the greater Batman universe, yet the movie is a self contained character piece. That can only be the mark of a great movie. All the acting is great, the plot (while similar to Taxi Driver) is brilliant and the quality of the movie shows you don't need CGI super powers to be a great villain in a Superhero movie. Is a joke not everyone gets. This movie is ""the rise of the Joker!"" 10/10",neutral
"One of the best movies in these few years and 100% Oscar worthy
Joaquin Phoenix delivers one of the best performances I've ever scene",positive
Don't waste 2 hours of your life this movie is the baddest i've seen in a long time. Crappy writing and no good storyline...it was boring. I went to the pay counter to ask my money back for the 2 hours of torture...they can't do people like this. And for all the people with 10/10(the reason why i went) you're a  joke.,negative
"This movie answers this question...what will the Joker be if he was a real life character ? A great deep and moving story, a life journey of a man who's suffering from some psychological issues and how neglect, bullying and rudeness by other human being can push a man to complete madness.Although it's not accurate to any comic book adaptation or any TV series or movie before it, yet it's a fresh and unique take on the character of the clown prince of crime from a realistic approach and I believe with Joaquin Phoenix amazing performance as the Joker in which he managed to bring a real life look-alike early version of the Joker which although is not comic book accurate but I feel it's a very decent foundation for Joker 2 which should be more true to heart of the original version of our lovable villain.The movie is over all a great piece of filmmaking in all of its aspects. From the plot which was very interesting, believable and many can relate to it, through the acting which was impressively splendid to the directing which was outstanding. My main take on the movie is the lack of any positive lead character, I know we live in a tough world which full of negativity but there are some positive examples here and there and to shed some light on one or two characters in this movie would've been a nice positive thought.The Joker movie can be misunderstood by many thinking it'll inspire crime and violence but I believe on the contrary that many who go through hard life will feel sympathy for the Joker character, others will even relate to his misery and may justify his actions. I believe the movie is meant to be a wake up call for many! A lot of people daily suffer from bullying, racism, hate crimes or neglect and sometimes they go through worse, we should take a deeper look at our actions and know that - aside from money and authority - we are all equally humans, we should treat one another the same way we expect to be treated.",positive
"Seriously, unbelievable. Dare I say better than Heath Ledger? If Joaquin Phoenix doesn't win the Oscar for best actor and 'Joker' doesn't win at the VERY least, best screenplay, it will be one of the biggest Oscar snubs of our time",positive
"Joaqu√≠n Phoenix's unconvincing laughing, and looking like a beaten dog had brutaly ennoyed me after 5 minutes.
The world is mean and bad, and you can only be bad and hit back. Chaos, anarchy, whatever .. inspires bye a clown who killed 3 bullies.
More of this stupid excess of brutality in the name of... what?
Yes. It is the same director as in the hangover 3.
I don't want to be a partir of this.
Brutal and boring.",negative
"I don't understand the high ratings. I went to the cinema with high expectations, only to discover that the movie was slow as anything and was almost finished before the first killing happened. It was a dreadful time having to wait for something to happen.
But yes, once the movie was finished and I finally walked out, I got the cosmic joke; I was the joker, trusting the reviews and leaving disappointed in disbelief I actually paid for watching it.",negative
"While the trailers for this movie have may seemed like there was potential for an action packed movie, this movie, clearly before it came to theaters was intended to be a progressive character study. You shouldn't go into this movie expecting intense action or the joker we know of the past. This is a movie about how Arthur Fleck becomes the Joker.I have seen so many bad reviews about how boring or slow the movie is, but I believe it was utter perfection. The first part of the movie we begin to understand Arthur as a person. All of his interactions with everyone in his life, be it good or bad. The whole point of a character study is evolution. And this is far and away one of the greatest evolutions of a character I have ever seen in a movie.Joaquin Phoenix's performance is by far the best acting I have seen in a movie possibly in the last few decades. We see a challenged person be challenged by society and it completely breaks him down over time. And Joaquin isn't acting, he is evolving all throughout the movie. If anyone thinks he doesn't put on an Oscar winning performance, they're out of their effing mind. Yes, the movie is slow to start, but it has to be. We couldn't just jump into the joker and all the chaos. We need to know where it came from to begin with.The whole compilation of the movie is amazing. The complete Oscar deserving performance of Joaquin, the choreography, the cinematography, the score. Everything is in perfect harmony. While there may have been a lot of controversy surrounding this movie, the team put together a perfect movie and I pity those who can't appreciate the tears and sweat and emotion that went into making this movie.I have always been so one sided in my movie preferences between Marvel and DC. I feel like Marvel is sooo much better overall and most movies DC puts out are trash. But Joker is far and away my favorite comic movie. Even though it takes a completely different spin on comic movies. You have to appreciate the evolution to appreciate this movie. It's not an action movie, but it's really rips and tears at all the emotions in one movie while adding a wild suspenseful kick. No other comic book movie has done that before.",neutral
"What an incredible ride this was. I was almost motionless throughout, watching in awe the performance of a lifetime - the transition from troubled man to monster, the hounding score which directly drove the goosebumps, the cinematography which made you feel like you were flying through Gotham looking for Arthur yourself and the masterful De Niro who gave his nod to Jerry Lewis. Ignore DC. Ignore Batman. This is a work of art in its own right.",positive
"This film is about mental illness. Specifically, a mental illness called creative diarrhoea. In the film, a band of Hollywood's most insipid producers, writers, directors and other such riffraff suffering from this ailment got together for a group therapy session, in which the therapist, a Hollywood mogul, had them 'let it all out', gathered the refuse and flogged it off for a few hundred million dollars.Seriously though, there is sooo much wrong with this movie. I won't even start with how I knew that a Joker sob story had no hope of (artistic) success, nor with why I went I went to see it anyway. I'll start by pointing out other reviewers' observation that this is not even the Joker. He's not suave, he's not witty, there are no lethal gimmicks, no morbid jokes, no anarchism, and he isn't a criminal mastermind. He's just a loser that goes off on a school shooter streak.Secondly, this is not, as I said earlier, a film about mental illness. It is a mockery of it, cashing in on the increasing awareness about mental health. There is not one concept about psychosis or other mental health problems judiciously explored in the movie (an illness which causes the sufferer to laugh in inappropriate situations? Seriously?!). All you're getting here is a downtrodden loner being subjected to beatings and injustices designed to spark indignation in the viewer, then going off on a murder spree.With regards to the much-praised acting, it's a mystery to me how anyone could have come to a judgement of Phoenix's theatrical achievement based off such an asinine script, because I can't. Not that you should devote an iota of attention to any of these positive reviews, because I'm fairly confident that there is some large-scale review rigging going on.The plot is one dimensional and juvenile, the dialogue as engaging as a monotone nursery rhyme and the character development shallow. There were goofs left right and centre, like revolvers with zero recoil and 8 bullets. Why did Arthur keep dancing? Why did we need to see Arthur fondling himself? Why is he so emaciated? Why so much smoking? I watched so many close-ups of cigarettes burn out it makes me wonder if the film was sponsored by the tobacco industry.The two positives in the movie for me were firstly, the final talk show scene, littered though it was with imperfections like the rest of the movie, which did have me sitting a little less slouched in my seat. Also, there were some interesting theories presented tying the Joker with the Batman.With the bar set so high by The Dark Knight, no director seeking artistic acclaim will go near the Joker for many years to come, maybe ever, but on the other hand, the Joker character has been rendered a boon for Hollywood opportunists, and this is the second time we've seen the character butchered in a low effort high budget money maker. This one will be forgotten quick, but I don't know how long it will be before the Joker himself recovers.",neutral
"I don't write a lot of reviews but I felt compelled to do this if only just to put in writing the thoughts in my head..that apparently are a lot different from the thoughts in quite a few other people's heads when it comes to the perception of this movie.First, in order for you to understand mine or anybody else's critique of this movie, you absolutely need to have seen all of the following movies:
Alfred Hitchcock's Psycho
King of Comedy
Fight Club
Taxi Driver
Dark Knight Trilogy
Dog Day AfternoonSo let's do a somewhat categorized approach beginning with the obvious....Acting: JP does a great job purely as an immersive method actor. He gives it his all and for that he deserves accolades. The few areas where he falters with overacting are actually the fault of the director and the editor for keeping those scenes in, since the scenes itself were repetitive and could have been taken out. The other actors do their job competently. Wait, there were other actors? Yes, there were ! Plenty of poorly written, poorly characterised shell characters that gave the artists no real scope to perform given that their combined screen time was 10%! DeNiro was wasted completely.Casting: Just because JP did a stellar job does not means he was ideal for the role. Sure, if we take the 'Joker' aspect of it away, then he fits perfectly as a traumatized, declining man. But this is a JOKER origin story, and for THAT, Joaquin is too old! The timelines just don't make sense. The young Bruce Wayne as shown will become Batman after a good 20 years (remember Bruce was a successful older business tycoon before he became Batman) So by that time, this upper-middle aged Joker will be in his 70s? Come on now.
Zazie yas potential but was not given much to do. She did a good job. A legend like DeNiro should have never accepted such a poorly etched caricature role of Murray Franklin.Character development: Whoa. All the sheep are talking about this and how 'masterful' it was. Look at the movies I have listed above and you will see how much has been copied from them in bits and pieces and jumbled together. Do people forget that at the very start of the movie he was mentally unstable and on seven medications? So his decline from that into a psychotic killer isnt that steep.
The inaccuracies are plenty as well.
Yes, a person can decline in morality, social adaptibility, schizophrenia etc.... however, a person CANNOT suddenly become MORE intelligent. So how does this person who is depicted as a bumbling fool continuously evolve into a sophisticated well-planned killer and eventually become into the character known as the Joker who was a masterful villain?The laugh: The real Joker is supposed to laugh because he is a cruel and vicious monster and he laughs at his own jokes which are actually quite witty and also laughs at death and the misery he is causing, INTENTIONALLY!! The Joker in this movie laughs because he has a mental disorder and laughs involuntarily?? What the hell.? That deviation alone should make the movie ineligible to be called Joker ..from DC comics. It's simply NOT true to the character.Story and script flaws : Some already mentioned above. No matter what the lack of funding, patients with mental disorders never ever have their medications taken away, no matter which department shuts down. This has been the case for decades. Even less wealthy countries dont do that.
How does a guy give him a loaded gun for free to protect himself and then screw him over just like that?Music: Some the older songs were cleverly placed. The score was excellent in its quality however the placement of the music was highly manipulative in order to create a faux dark snd suspeseful aura. If I show you a video of starving children and play melancholy piano violin pieces in the background, you will cry too! Emotional manipulation through clever musical score placement is an old, old trick but the shameless overuse of it in this movie was akin to 70's shock horror flicks.Direction: All over the place. Todd Philips is trying to be Hitchcock, Scorcese, and Nolan combined and he is not even remotely close to any of them. He steals heavily from their styles but whenever someone does that it almost always creates botched pacing and repetitiveness of scenes, and oh yeah, there is plenty of that.Story: There is no real plot or story. The key turning points are weak. Even IF for the sake of argument the government takes the medications away from a person with a mental disorder, uh...hello, that person will get worse and out of control, but in this movie he gets smarter and more cunning and calculated? Not possible! The link to Thomas Wayne as his dad was a cheap shot. And how convenient of him to find such a properly thought out letter from his mom who is supposed to be crazy but wrote this very sensible letter that is of such importance, and then forgot to mail it! Haha I was rolling my eyes so hard my eyeballs hurt.The so-called 'social commentary' : Contrived and oh-so #fake anti-capitalist message. Oh, those rich people behind their iron gates are oh so bad. Boo hoo.. let's protest and riot and life will be so much better! What a sad attempt at cashing in on anti-Trump sentiment. And Oh, the irony. Rich people are bad but thank you Sheep, we are gonna cash out big on this movie... You want to see a real social commentary far far ahead of it's time? Watch The Truman Show.
The sad pathetic irony of the causes of this 'unrest' is sickening. Oh look at this guy. Living in an American city, has an apartment, has free medical care, has A JOB..how many people in the world would die just to have that! But oh look at him, he gets bullied, beat up a bit, (rightfully) fired from a job..(but could have easily worked for a fast food or cafe till his comedian act worked)....but oh no no no, THIS is the limit! Down with the rich, let's kill em all. Let people pay their hard earned money to watch this, while we laugh all the way to the bank and the truly poor people in the world be like 'wtf just happened?'.Marketing and hype: Wow. I mean really wow. This is a modern day epic example of socially manipulated and engineered mass-hype opinion manipulation. Word of mouth is sometimes beneficial, sometimes not. Remember, gossip and rumors also are a form of Word of mouth. When five of your friends say that a film is a masterpiece, most are going to say that they thought so too, for fear of being ridiculed as someone who is not savvy enough to understand such 'deep' movies.The other thing is that the comic theme will draw a relatively younger audience as well, many of whom have not seen the above listed movies to catch what I call plagiarism (but if he wants to call it a tribute, even then it's a botched one.) And these folks will flood social media with hyperbole terminology. Epic. Genius. Masterpiece. Legendary. Achivement...yawn, did I miss any?
And so on and on the hype train will go till we are past the Oscars and award season of fake oohs and aaahs and speeches about this pseudo-deep movie. JP should get the award mainly for effort and because he has poor competition this year, but that's about it as far as deserving-ness.Many have already questioned how this movie had literally thousands of rated 10 reviews on this site even before its premiere? Hmm....I say hmm..But whatever. If that's the way the modern game is played then fine. It is ultimately up to the people.
As Shakespeare should have said, ""To be or not to be Sheep, that is the question""",neutral
"I'm keeping it short, the movie sucks.Yes, I know there's a need to build character and crap, and I think it's important for any good movie.Same goes with this, I get it Joker was a troubled man, I get his frustration, but I don't need 2 hours of the movie telling me the same crap over and over again.Give the guy an Oscar for performance but throw this movie into the trash right after.",negative
"This was such a disappointment! It was dragging on. And I was waiting for things to explode. I don't get the hype. Everybody is calling this a 'masterpiece', but nobody can tell me why it was such a masterpiece. If it was a movie about how a society creates a killer, then it was done very poorly. To me, it felt just like a large number of scenes without a real story.",negative
"I have never left a review for any title, good or bad but this is such a piece of garbage that I registered an IMDB account just to vent my opinion.
I want these 2 hours of my life back",negative
"Joker is literally an achievement in cinematic history there's no doubt in that ! But why people comparing it with Endgame ? Both movies have their own ways and they are completely different. Endgame was the best at its genre. Talking about Joker ... What can I say ... A beautiful presentation of storyline , direction , screenplay was all at its peak of greatness ... Heath ledger smiling down to earth :)",positive
"The reviews here are making this film out to be far better than it actually is. Don't get me wrong, technically, it is extremely well done and Phoenix's performance is really quite extraordinary (he is definitely looking at an Oscar nomination), but despite excellent writing, acting and direction........the film is kinda boring.It had its moments, and, sure, it has some very disturbing elements but....If I had a watch, I would have looked at it many times as what this film lacks is...excitement.The final act is most excellent, but it felt like it took forever to get to it.",neutral
"This movie is a masterpiece! It absolutely epitomizes what a DC movie should be. Dark, emotional, thought provoking, not just action action action. One of the best movies I've seen in a long time.Critics have definitely lost touch with the public and should be ignored on this one. Do yourself a favor and watch it!And remember to be good to one another. You dont know what someone else is going through.",positive
"I'm making sure to give this movie 1 star because it's definitely not a 8.9 - that's a lie.Joker is not an amazing movie. It's far from great. More to the boring side.It lacks plot twist and focus too much on character development. How many times someone needs to get punched in the face before they go crazy?He suffers, gets fired, has a mental illness, nobody loves him, he's sad and he cries and he laughs and he laughs again. And he kills some people, and that's it, that's the movie.",negative
"They say it's all in the writing. And this is a great example of that. Good acting and production values cannot save a script steeped in tiresome stereotypes and a failure to delve into a character's identity. We meet the Joker when already imbalanced and his so-called descent into madness is really a couple weeks away; far from a descent, it's a stroll. This is not a character study, despite claims to the contrary. It's a showcase of a good actor overly contorting his body and laughing manically as a mistaken expression of madness. Where is the past? Where are the influences? Where are the conflicts? What are the seminal moments that create the spiral? Perhaps if he had really had that relationship, and had it gone sour, it would justify a descent. Instead, it's a fait accompli. This is lazy writing, focused more on fancy long shots of Joaquin Phoenix dancing crazily than producing something of value to the franchise.",negative
"I don't understand why some people find it boring when this feels like watching someone's documentar.All you people think is just fight scenes, that's why you'll never find any substance of any other types.Hollywood's modern superhero genre movies are seriously predictable and cliche, this movie is probably not, maybe. So, go on",neutral
"Is it just me or does anyone over 30 see they kind of ripped off ""the King of Comedy (1982)""?",negative
Creative actor Joaquin creativity embodied the role of the Joker film deserves more than 10,positive
"Absolute disappointment. I believed the hype like a fool. No person that actually saw it told me it was a good movie, just the stupid reviews. It's so cringe, with nothing actually happening except Phoenix smoking and dancing around. There is no action, no substance, no humor. Everything is so cringe and overacted.
I suppose if you like those independent movies at TIFF or Cannes this is something for you. If you actually wanna be entertained and see The Joker from the DC, this is not it.
Best description is millennial joker. Society is mean to him, nobody gives him anything so he cries and complains about it to get attention. When none is given, he starts killing.",negative
"Only 1% audience who think what they do is always correct like this film and try to project their actions as ultimate to the entire world.. a harmful film for the society.
But jokers acting is top notch. Director might have utilized him better than this.",negative
"It seems like they were making a movie about psychotic killer clown and halfway during production decided to slap on a ""Joker"" title to make an ""origin"" movie about one of the most iconic villains of all time. They could literary change a couple of names and put the ""Depressed psycho killer clown"" as a title and it wouldn't make any difference. Well, at least i would give it a 5 out of 10 score. Maybe.Phoenix's Joker is stripped, sliced, diced, blended and strained to reduce him to only one of many aspects of character itself, insanity. Well that, and clown clothes. No other character traits Joker is famous, feared and loved for are there, and I just can't see them developing ever in this version of him. Even the movie itself is a slap to the one of the most important part of the lore and characterisation, Joker never truly revealed his true identity and even the three comic book versions of his genesis are probably all lies (well Jack Napier is just a shortcut for the story sake in first Keaton's Batman, movie-wise). Forget the deadly toys and gadgets, where are the genius intellect, prankster personality, wits, planning 5 steps ahead? True Joker is the driving force, this one is just a passenger in a cab (Taxi Driver pun intended). Joker would never pitty on himself, he does not laugh because he has a psychological condition and can't help it, he laughs because he is genuinely amused with all the terror and pain he inflicts, he IS truly a psychopath, not a person with some type of Tourette syndrome pushed in a world of murder and crime. And most of all Joker is supposed to be actually funny in his sick and twisted way, not only to himself (as Phoenix is) but to all of us. This is the first time i did not find anything funny in ones depiction of the Joker (well Leto's performance is a pretty good contender, but i won't judge him on the basis of 37 seconds of screen time lol, and even that was closer to Joker than this).As if you make a Batman movie where the Dark Knight is only left with his early fear of bats and mask with pointy ears, or the Iron Man where Tony is only a rich pompous jerk.And when Bruce Wayne becomes Batman Joker will be, what, 65, 70 years old?This movie doesn't work as an origin story, it doesn't work as a standalone (it's composed of only one really long act with a glimpse of a second one), nor as a part of DC in general. It is not an origin story we need, nor deserve, it simply isn't a Joker story.",neutral
"I feel the best movies are complex and make you feel a range of emotions such as love, empathy, pity, joy, hatred, etc. The joker I found to be a series of unbelievable cliches . So the joker is poor and has some menial jobs and everyone in society is mean and abusive to him including his mother. I did feel sorry for him but at the same tine it shows his mental issues probably keep him from living a normal life. I did feel empathy for his plight but I didn't feel that society would get behind him as a ""hero"" for killing 3 people randomly on a subway. Also I found it ridiculous when the mob attacked the cops as if everyone in society hates cops. It was a trite Hollywood take on rich people are mean and awful to people who are poor (which I find hilarious given that everyone in Hollywood IS rich) . It was unrealistic from many angles and I wished I hadn't wasted my time watching it.",negative
"People are so hyped about it because it's so pretentious, that it makes them feel like ""enlightened"" ones. I haven't heard a good review of this movie from smart or intelligent people. Only those whose main movie list consists of actions and comedies call this a piece of art.A wife of a friend even called those who hadn't liked the movie ""lemmings"" but she's the one from the countryside who dreams of expensive brands and it actually made me laugh my ass out. Now you have an idea who this movie was made for.The plot is the main weakness. The Phoenix overplays and it feels uncomfortable to watch. The camera work feels very cheap and the overall boredom of the movie makes you start noticing all the imperfections. I would give it 5-6 out of 10 but there are too many pretentious dummies who gave 10 points so I'll even out the difference.",negative
"Joker is basically the lite edition or postmodern version of Fight Club or the Scorsese films it lifts from. It's interesting to see how easily words like masterpiece and groundbreaking are being used for this, and that is the one joke that this movie successfully pulls off. It's just a whole lot of self-seriousness and posturing and is essentially hollow. It pretends to say a lot but ends up saying very little or nothing at all, not about the character nor about the society he's part of.It is also 'Joker' only in name and has very little to do with the super-villain. I'm all for a different interpretation and even an origin story for the joker but this movie fails to recognise or capture his spirit. Even 'Proto-Joker' doesn't quite do it justice, and I can think of a dozen more suitable titles e.g. Arthur, The Untalented Mr. Fleck, Smoker, Poser etc. Infact he's more akin to a less dangerous but also mentally unstable villain like Ratcatcher or Calendar Man though just with a clown theme, and is not even close to embodying the joker's extreme form of nihilism. It's not that it has to be a comic-book accurate portrayal, that would be irrelevant if it was genuinely a good movie. But far from being a masterpiece , it doesn't quite manage even that. It fails not just as an inaccurate portrayal of the Joker's spirit or essence, but also as a film about a person going over the edge.The weakest aspect of the movie for me is the poor to average direction. The movie lacks any of the subtlety and nuance that I was hoping for and what unfolds is not as much character development as it is things happening to Arthur. A good example of the poor writing and direction is the very Trump-like and one-dimensional Thomas Wayne character. This first became obvious during a scene in which some people happened to know the entire lyrics to a clown song. In a movie that otherwise tries very hard to be realistic that felt very unnecessary and took me out of the experience and it felt very contrived and predictable after that. It takes too many obvious liberties and plot conveniences to move the story forward in an unnatural and unrefined way, and ultimately felt like they tried to disguise the poor writing and direction with a dark and gritty atmosphere instead of those elements complementing each other.The only reason to watch this movie is Phoenix's performance, which while not groundbreaking is good enough to earn an awards nomination or two. I wouldn't put it in the same league as Heath Ledger's portrayal but they were two very different roles and characters. Ledger made his joker seem effortless while one can really see the strain and work Phoenix puts in. To put it simply, Ledger made it seem natural and didn't look like he was acting while with Phoenix you really know that he is, even to the extent that it may seem like overacting at times. Perhaps owing to the more physical nature of this version of whoever this character is supposed to be, that's not necessarily a criticism.Overall an average film at best that pretends to be a lot more. I don't see this one ageing well or being remembered decades later the way Fight Club or the Scorsese movies it's ""inspired"" by, or CBM's like Dark Knight or Logan or even Tim Burton's Batman, are remembered today.",neutral
"I do agree that Joaquin's performance was great, very well done and not an easy part to pull off. That however, was the only good part of the film. Movie was dark as I expected, but so much SLOW dialog it was putting me to sleep. Parts of the movie were VERY predictable, though a couple (literally two) of surprises that were good but didn't out weigh a very slow moving poorly laid out story. I say skip this one and wait for it to hit the other subscription services, I'd ask for my money back but I did stay till the end.",neutral
"DC can STILL give us a compelling movie. Wasn't quite hyped about it, I mean, an origin story of a villain made by the director of Hangover movies; what could I even expect? Then, the reviews started to drop. Still wasn't sure if I would like it. And after I saw it, it was way better than I thought it would be. I won't call it a masterpiece, but it definitely is on my top 3 DC films of all times!Good : There's hardly anything bad about Joker. Joaquin Phoenix does a great job of bringing the character into life. Rather than a typical superhero/supervillain origin story, we get to see a psychological drama + horror, and thank God, we got that. I love the genre, I love films like Infinity War, Days of Future Past, Endgame and Raimi's Spider-Man. But occasionally, it's really good to take a break from such films. It's, kind of, in the category of films like Unbreakable. Basically, the movie is (no spoilers ahead) Arthur, being tormented by the society and being a mentally unstable loner, loses his mind after the constant torment and after that, all hell breaks loose. That's all the movie shows. It would be quite difficult to give a really good story for a plot like this, since there are many movies with this kind of plot (awfully crappy ones included). I completely liked this movie, means the screenplay and direction worked for me. You can feel for Arthur, whenever the movie asks you to. You want to root for Arthur, but you know that it will mean some incredibly terrible things will happen. We see him slowly transition into Joker, and when he completely turns into the Joker it is worth a round of applause. We feel good as well as terrified with the actions of the Joker whenever he snaps and crazy stuff happens. Without getting into spoilers, I would say - in short - that it has many quotable lines and each of them make sense. Whatever Joker (a psychopath) says is more realistic than what a sane person says. And obviously has some sick, terrifying and gruesome Joker moments that a proper Joker movie should have. If it's not clear by the trailers, there's no Batman here. But (again, no spoilers) it does have some Batman references to support the movie. It could've created a mess and might have felt like a shoehorned plotline, but it plays out as a proper support for the main story and the transition of Arthur into Joker.Mixed : It is a good thing that the movie has a 70s psycho horror vibe to it. But, it could've been more original. Like many others have pointed out, it's similar to Taxi Driver by Scorsese. While it wasn't a copy and paste of Taxi Driver, but some parts make it obvious that the movie was inspired by Taxi Driver. Not necessarily a bad thing, the movie has the elements as a homage-ish way, but looking at how well made it was, it could've been slightly more original. And, it may feel a bit slow for some people, though it's worth your time.My take on the controversy : It can happen that some morons might watch this film and cause violence. It can happen with any violent movie. But, even though it justified the Joker's actions, it doesn't show them to be right. Speaking of violence, it's just psychologically compelling horror. It's less violent than Deadpool, but feels more violent as it's a serious movie. So, glorification and siding with a psychopath is a complete and total nonsense.Conclusion : It's a must watch. You don't need to follow any of the DC movies to understand it. But do not expect it to be a typical superhero action film with CGI battles and a spectacle. Wrong expectations might ruin the experience. Else, I found it to be better than The Dark Knight Rises. And TDKR is one of my favorites in the genre. If a Nolan movie is replaced by another movie in my list, you may consider it to be great. One last thing, people causing violence because of Joker would be equivalent to The Good, The Bad and The Ugly inspiring three people to have a gun duel for some gold.Rating:Score : 10/10Grade : A+",negative
"What a beautify tragedy that was. It was pretty dark. Go watch something light and funny after. Don't get me wrong, it's worth the watch.",negative
"Writer-director Todd Phillips's new movie ""Joker"" appeals to me on multiple levels, primarily by offering an engaging story, strongly rooted in believable reality, related to audiences mainly by opposing protagonist's prevalent dark depressive moods while using often optimistic soundtrack and sound editing, shallow nonetheless rich visuals, angles and framing, theatricality augmented through expressive costumes, props and sets, but most impressively via great principal performances and acting choices made by Joaquin Phoenix in the lead as a title character (under proper fictional name Arthur Fleck), whose sudden uncontrollable and seemingly inappropriate laughter (justified as a medical condition) easily counterpoints the (painful need for) outcry from Gotham (read: any) City masses, hurt and deprived by injustices of their quotidian existence, as well as by Robert De Niro in a quintessential supporting role of a TV-comedy show host Murray Franklin (both worthy of the end-of-the-year acting award considerations), and by setting believable pre-course for the future adventures of the most realistic DC Comics character, the Batman (not a superhero at all, with his extraordinary capabilities rather resulting from his physical fitness and skills combined with high technology employed), who appears here only as a young boy, and whose later adult activities could be understood as largely driven by what has happened to his parents in the final scene of this movie, an event directly inspired by actions of Joker, henceforth his future main nemeses.",neutral
"W.O.W!!!
What can I say about how brilliant Phoenix act performance is ??
In shortcut,movie of the year üíØ/üíØüëè",positive
"I was so looking forward to this film given all the hype about brilliant acting etc but yet again what a let down!The film had no real storyline in the past or the present and although the acting was brilliant I had real trouble understanding the plot, if at all there was one.ONE STAR IS FOR THE ACTORS",negative
The ending is what matters in a movie. And this movie has a kind of ending which would leave many speechless. It's indeed a masterpiece:),positive
"Great performance by Joaquin Phoenix, dull story-line..",neutral
"The movie was excellent and amazing, from the beginning that Joaquin's personality is seen as he evolves in the Joker until the end, Joker is the most difficult character to do and I think Joaquin did it!!",positive
"This film tries desperately to devillify the most stylish and charismatic villain in the DC universe and excruciatingly transform him into a poster child for mental illness in the most tedious manner possible.. This version of the Joker lacks any semblance of style, luster, flair, or charisma, leaving me to wonder why anyone would bother investing the time and money required to create this turkey, much less watch it.
They've murdered the Joker for the sake of some social commentary and PC promotion. I don't deny that mental illness is a real issue or that attention should be brought to it, but folks watch movies about supervillians to see super-villainy, not a 2 hour public service announcement. I hung in there as long as I could hoping for this movie to redeem itself, but about 3 quarters of the way through I could take no more of watching it spin it's wheels.If you are a fan of the Jack Nicholson or Heath Ledger versions of the Joker then you will likely find this film as painful to watch as I did.",neutral
"Please go watch this movie! This is the first time I've ever wrote a review on this app and I've been using it to read reviews for years! That's how good this film is. Very dark, grimy and disturbing, exactly how an origin film about the joker should be. I have no doubt it will win multiple oscars. Do yourself a favor and go see it!!!",positive
"Story was just really unconvincing. Nobody really cares that much about some random dude who is as ineloquent and uninspired as the joker is. The hype portraying the movie as painful and cruel is just cringe. To see this rated better than ""One flew over cuckoos nest"" that shows way better cruelty saddens me.",negative
"Joaquin Phoenix just playing Joaquin Phoenix. Boring, Twisted, Sick piece of crap. A one and done movie.",negative
"The performance of Joaquin is excellent but the story simply don't have anything to do with the Joker, it's more about a mentaly ill man struggling with his chaotic enviroment until it's overwhelmed and snaps. I would be a much better film if the title was ""Arthur"" or ""The Clown"" but the fact that it's forced to be related to the batman universe it's why i feld it didn't work.",neutral
"Joaquin Phoenix is good. The directing is pretty good. The writing is absolutely awful. This movie is trying so hard to be relevant and to have a 'message' that it just throws a jumbled mess of quasi-commentary at you hoping something will stick. It is completely unclear what exactly writer/director Todd Phillips is actually trying to say, if anything. Is Joker a hero of the resistance or is he an incel? Does he go crazy because he's mentally ill or because people are mean to him? Both rich people and poor people are horrible to Joker so what exactly is the class commentary? It's also confusing how Robert De Niro when this movie is clearly ripping off Taxi Driver in many ways, also with a little Mr. Robot thrown in. There's also a subplot with a neighbor that is so incredibly stupid and pointless, which actually has no bearing on the story whatsoever. The movie is also just listless and boring throughout much of it. A movie can be slow-paced without it being boring if interesting things are happening that are driving the plot towards it's conclusion. The only thing driving the story in this movie is knowing that he's going to become joker at some points, not anything that actually happens in the movie. The movie also spends like 5 minutes making fun of a little person for no clear reason. Also for people saying that this movie does a good job saying why you should be nicer to people especially if they're lonely or have mental health issues: firstly you shouldn't need a movie like this to be nice to people, secondly you can make a movie like that where the lonely/mentally ill person doesn't become a murderer since mentally ill people are more likely to be victims than perpetrators of crime, and thirdly if you want a movie showing why you need to empathize with criminals why not movies about all the people of color who have been victims of mass incarceration and were locked up on nonviolent charges instead of a movie about a white male becoming a mass murderer. This movie is terrible.",neutral
Best acting and story. This is an Oscar winning movie,positive
"Somehow the darkest and most serious movies get the highest ratings. People say that this movie is so thrilling and that Joaquin Phoenix deserves an Oscar but at the end of the day, it wasn't entertainment. There were so many evil moments and dark scenes but what's so good about that?This movie was almost like instructions on how to be a psycho. They flipped the usual idea and boundaries of good and evil for the audience to feel sorry for the bad guy. People seem to think this is a good thing. It's bad!The point of a movie is to entertain audiences and this movie just made me feel depressed and miserable. I'll have to watch a movie where the hero is clear and the villain is clear so I can actually be entertained. The fundemental and successful formula for a film.",negative
"""Joker"" is nor a ""masterpiece"" nor is it ""flawless"" as this board boasts. It's mirely a decent origin, albeit heavy-handed as sin, with choppy flow, poor directing decisions at moments, and part brilliant part wildly overacting on Phoenix's part. The heavy handed nature of mental illness is not written well... It highlghts many different illnesses with none of which feeling whole or handled with much, if any, sense of understanding. Sprinkle in are a few light-hearted moments to remind you that ""hey, he's still funny at times""... But with the strained mental illness angle it's difficult to laugh at these moments without a bit on introspection of what it is and who it is you're laughing at. The real ""danger"" this movie poses is that it's another Hollywood blunder with mental health and its handling... Which does way more harm than good.There is no great existential pandering, ss some are saying... ""it's deep"", ""my feels"", ""It's not a superhero movie it's a character study"", regardless of what anyone wants to categorize it as.. I'll consider it a generous 3.",neutral
"The reality, far from fiction!! That what's made the movie,,, the oscar winner actor made a new joker rivalry with heath ledger joker, better joker in some people opinion.. piece of art",positive
"Yesterday was that day, when I understand, that I have touched history. This movie will drag you in your deepest thoughts, in your darkest secrets and suffering. This masterpiece will grind you, like a meat grinder and you will watch it in silence and with open mouth. Like the whole cinema will.
I don't like comics movie, marvel is very pompous, absurd and insipid. In my opinion. It's not an art, it's just an attraction. As DC movies was too. But now DC made history, the made art and made drama.
To be more understandable. When you watch for example Avengers or League of Justice you are eating McDonald's hamburger. But when you watch Joker you are eating 1000$ stake in the most luxurious restaurant in the world.",positive
I sat through this slowwwwww movie and would gladly have left half way into it. Its a boring movie until the last 5 minutes... overhyped as usual....the violence must have been cut out of the version i seen as i think i have seen more gore in a disney movie,negative
"Joker is without a doubt my new favorite DC film. It's dark and gritty but with enough psychological twists that it keeps you guessing from beginning to end. Nothing can be taken at face value and the film forces you to think from beginning to end. Don't listen to the critics, this one is worth watching multiple times in theaters.",positive
"To say it was satisfying would be somewhat misleading. Joaquin Phoenix makes you feel uncomfortable almost the entire time. I couldn't help thinking about Christian Bale in The Machinist and Robert De Niro in Taxi Driver. With those comparisons, clearly I have some high praise on the acting.The film itself slowly builds momentum, but when it builds...it's really builds. Those looking for traditional comic book action may feel it moves a bit slow, but it's pace allows for the transformation to not feel superficial. When you walk out of the theater you won't know exactly how to feel, but you'll surely want to know how everyone else feels about it.",neutral
"A mentally ill person without talents (or intelligence) cannot become a super villain just because he is angry. He will only be a mentally ill person with no talents (and intelligence) in anger. Nothing more. As a film, Joker lacks creativity or depth. In all senses. Unfortunately Joker did for the iconical character the same thing that Twilight did for vampire films.",positive
What a legendary character and what a legendary performance by the actor. I was not able to move on from the Heath ledger performance but this movie is totally worth it. This movie deserves an oscar. It showcased the never before seen origin of The Joker himself and you will love it.,positive
"While I enjoyed the film, it felt pretty short. When ""The End"" appeared on the screen I couldn't help but think - ""That's it?""Joaquin Phoenix was fantastic with his new take on the Joker, and it's mesmerizing to see his facial expressions keep changing. And his Joker laugh is unique - sinister and full of Joker's madness.However despite some minor plot twists, most of interesting bits in the film have already been shown in the trailers. Don't expect much action like in The Dark Knight trilogy. Despite the much hyped gun violence, there are less guns in this movie than in any other Batman flick.This is not a bad film, but it's not a great one either. Watch it only for Joaquin's performance.",neutral
"Disturbing. Just got out of the movie. My humor was much better before seeing it. At first feel pity for the guy suffering, but he lacks charm and then well he is just a killer. Heath Ledger was far better.",negative
"Wow I honestly gotta tell you, it's one of the best movies I've seen in years. All from the cinematography, thumping and sadden soundtrack, all the way to the OMG performance by Joaquin Phoenix, it's dark, it's evolving, twisting and wow just you can feel deep down to your bones his emotions portraying the Joker.Just alone watching hearing The Jokers laugh is so twisty and evil and you could hear his sadness coming out from his mouth. You could hear the hours of practice just on the laugh alone and his method acting is perfectly on point along with his subtle gestures and dance that is done perfectly as the Joker should be. This movie has all the psychological twisting that made you believed and immersed into the movie, I was totally shocked and overwhelmed by everything even after I left the cinema. Just mind-blowned.When I was watching in just now in the cinema, more than half the cinema cheered and applauded on certain scenes. And almost the entire patron stayed until the last credit. If u looked closely even Joker costume were evolving and changing from time to time based on his journey and experienced and just looked at the final and true form just looked absolutely stunning. Just the excitement and the dialogues told by The Joker is just so heart-crushing and it just made me felt so bad for the Joker, and it's the first time where I sided with the evil character or maybe he is the hero of this movie, who knows ?Honestly, u have to watch it, it's one of the best performance u be watching in a Long time, movies like this deserves to be watched on the Big Screen, go find the best cinema in town and enjoy the wild ride of emotions and fear and anger, just satisfying!!",positive
"I am not a Batman fan nor am I particularly fond of Joaquin Phoenix, but this movie was truly exceptional. It started slow but built to a viscerally satisfying crescendo. I never thought I would be rooting for the Joker, but found that I did so throughout the movie. The Joker's pain was so palpable. I am filling out my Oscar pool card right now.PS This movie is dark and violent and decidedly not a super hero movie. Leave the kids at home.",positive
"I was underwhelmed - to say it friendly - but not surprised by the fact. Because Hollywood has lost its magic looong time ago. IMHO no. bo. dy gives a damn about Darth Vader's Childhood or Joker's relationship with his mother. All we want for centuries is a proper boogeyman. If you overpaid LaLaLand-Schmocks won't jump from the stupid Prequel-explains-it-all-train - please give us at least solid filmmaking. Joker is a mess. No story, no finesse, no build-up, no surprises, no ideas. But a load of layman-psychology that should make even 12y olds roll their eyes; a cacophony of more or less unrelated scenes; cheesy taxi-driver-moments without any impact; massive overacting by Phoenix and no subtle sinister Joker moments except for the two second Elevator-Scene we all know (and love) from the trailer. rating 9.0? A joke. Heath Ledger, I miss you.",negative
"Acting, Cinematography, Music, Screenplay, Costumes, Gotham etc everything is 10/10.Oscar worthy performanceby by Joaquin Phoenix.Amazing directing by Todd Phillips & amazing cinematography by Lawrence Sher.",positive
